Loan_ID,Gender,Married,Dependents,Education,Self_Employed,Property_Area,Loan_Status,pca_component_1,pca_component_2
LP001002,Male,No,0,Graduate,No,Urban,Y,560.8007653314999,-1585.1637055653127
LP001003,Male,Yes,1,Graduate,No,Rural,N,-810.3129034870162,-172.05915246394466
LP001005,Male,Yes,0,Graduate,Yes,Urban,Y,-2281.215313894154,-1790.3311864376503
LP001006,Male,Yes,0,Not Graduate,No,Urban,Y,-2866.255095063489,531.9730913737585
LP001008,Male,No,0,Graduate,No,Urban,Y,711.5048377081112,-1574.2118309577952
LP001011,Male,Yes,2,Graduate,Yes,Urban,Y,-170.70537828652505,2569.933461104336
LP001013,Male,Yes,0,Not Graduate,No,Urban,Y,-3055.250568708184,-325.9834364770063
LP001014,Male,Yes,3+,Graduate,No,Semiurban,N,-2424.648151851572,710.4386178493673
LP001018,Male,Yes,2,Graduate,No,Urban,Y,-1386.791094554863,-195.23741980447608
LP001020,Male,Yes,1,Graduate,No,Semiurban,N,6747.570142123285,9858.204621683117
LP001024,Male,Yes,2,Graduate,No,Urban,Y,-2132.0393987580896,-1077.763170523504
LP001027,Male,Yes,2,Graduate,Unknown,Urban,Y,-2911.876855917465,9.277955386351325
LP001028,Male,Yes,2,Graduate,No,Urban,Y,-2790.216835004664,6300.772284562329
LP001029,Male,No,0,Graduate,No,Rural,N,-3629.046630204787,960.2207199334516
LP001030,Male,Yes,2,Graduate,No,Urban,Y,-4056.110418049046,-829.4086183558768
LP001032,Male,No,0,Graduate,No,Urban,Y,-335.8688915608691,-1649.7715308775614
LP001034,Male,No,1,Not Graduate,No,Urban,Y,-1686.459708624901,-1747.0644335536472
LP001036,Female,No,0,Graduate,No,Urban,N,-1772.4739007335102,-1753.6129170121344
LP001038,Male,Yes,0,Not Graduate,No,Rural,N,-398.64284886094447,-1654.233367750433
LP001041,Male,Yes,0,Graduate,Unknown,Urban,Y,-2931.449429513489,1672.1656590685377
LP001043,Male,Yes,0,Not Graduate,No,Urban,N,2366.87681039143,-1455.2543591580788
LP001046,Male,Yes,1,Graduate,No,Urban,Y,263.505723726802,4034.227754531976
LP001047,Male,Yes,0,Not Graduate,No,Semiurban,N,-2817.190144016884,87.33215515679467
LP001050,Unknown,Yes,2,Not Graduate,No,Rural,N,-2054.654621076483,148.24172043884755
LP001052,Male,Yes,1,Graduate,Unknown,Semiurban,N,-1775.7548356285656,1179.2035605873698
LP001066,Male,Yes,0,Graduate,Yes,Semiurban,Y,4262.568071799967,-1318.0624792448689
LP001068,Male,Yes,0,Graduate,No,Semiurban,Y,-2643.2555566791902,442.7812503341752
LP001073,Male,Yes,2,Not Graduate,No,Urban,Y,-1132.8659977433454,-664.6252430932336
LP001086,Male,No,0,Not Graduate,No,Urban,N,-3835.373897262533,-1902.5055139353367
LP001087,Female,No,2,Graduate,Unknown,Semiurban,Y,-1682.5369522317503,341.52959690626176
LP001091,Male,Yes,1,Graduate,Unknown,Urban,N,-1359.4724036838084,1654.6979364749643
LP001095,Male,No,0,Graduate,No,Urban,N,-2114.5913306415937,-1778.269914515397
LP001097,Male,No,1,Graduate,Yes,Rural,N,-593.3387234852244,-1668.4582866636774
LP001098,Male,Yes,0,Graduate,No,Semiurban,Y,-1902.0173220887625,-91.38965545028714
LP001100,Male,No,3+,Graduate,No,Rural,N,6980.153113796904,1886.327747435531
LP001106,Male,Yes,0,Graduate,No,Urban,Y,-3152.4643624482974,219.67211272572104
LP001109,Male,Yes,0,Graduate,No,Urban,N,-3545.516750079984,-547.735629906633
LP001112,Female,Yes,0,Graduate,No,Semiurban,Y,-1720.2696963475328,-286.60787757128924
LP001114,Male,No,0,Graduate,No,Urban,Y,-1635.7763537596063,5485.509730178706
LP001116,Male,No,0,Not Graduate,No,Semiurban,Y,-1654.768966214594,-72.60807991375304
LP001119,Male,No,0,Graduate,No,Urban,N,-1682.678924919244,-1747.1153226097947
LP001120,Male,No,0,Graduate,No,Urban,Y,-3565.435961039872,-666.8653283370663
LP001123,Male,Yes,0,Graduate,No,Urban,Y,-2879.575951921582,-1833.362883098851
LP001131,Male,Yes,0,Graduate,No,Semiurban,Y,-1510.1210494059346,607.7009496859187
LP001136,Male,Yes,0,Not Graduate,Yes,Urban,Y,-590.4229898899648,-1668.3228405344607
LP001137,Female,No,0,Graduate,No,Urban,Y,-1872.1204406983848,-1760.7007891217138
LP001138,Male,Yes,1,Graduate,No,Urban,Y,360.6824222601417,-1600.2042367784222
LP001144,Male,Yes,0,Graduate,No,Urban,Y,532.9963210537753,-1587.0470981722638
LP001146,Female,Yes,0,Graduate,No,Urban,N,-2882.214919911958,1615.595499447346
LP001151,Female,No,0,Graduate,No,Semiurban,Y,-1446.8130796615706,551.1791989208018
LP001155,Female,Yes,0,Not Graduate,No,Semiurban,Y,-3468.355618676528,-227.3734217262053
LP001157,Female,No,0,Graduate,No,Semiurban,Y,-2195.0277991151665,-1783.7205880621093
LP001164,Female,No,0,Graduate,No,Semiurban,N,-1054.083521217698,-1701.6001398521494
LP001179,Male,Yes,2,Graduate,No,Urban,N,-668.9258244274215,-1673.6938930191825
LP001186,Female,Yes,1,Graduate,Yes,Urban,N,6198.215760159002,-1177.932959085937
LP001194,Male,Yes,2,Graduate,No,Semiurban,Y,-2656.1232461357567,-647.1142207678683
LP001195,Male,Yes,0,Graduate,No,Semiurban,Y,-3261.1093997899134,-265.61146813051755
LP001197,Male,Yes,0,Graduate,No,Rural,N,-2073.829641785276,430.7571035427395
LP001198,Male,Yes,1,Graduate,No,Urban,Y,2624.5795377221166,819.6384688867056
LP001199,Male,Yes,2,Not Graduate,No,Urban,Y,-2130.1204655022325,1087.4579776575638
LP001205,Male,Yes,0,Graduate,No,Urban,Y,-3052.432331532084,1960.2470887498084
LP001206,Male,Yes,3+,Graduate,No,Urban,Y,-2252.039061334608,-1787.9835980895862
LP001207,Male,Yes,0,Not Graduate,Yes,Rural,N,-2918.340060197921,1622.6132005143754
LP001213,Male,Yes,1,Graduate,No,Rural,N,-340.83287818688314,-1650.1067081092424
LP001222,Female,No,0,Graduate,No,Semiurban,N,-1117.885425161673,-1706.165846419682
LP001225,Male,Yes,0,Graduate,No,Semiurban,N,108.7282572579361,2990.015630865185
LP001228,Male,No,0,Not Graduate,No,Urban,N,-2243.2626911905577,472.8854954873223
LP001233,Male,Yes,1,Graduate,No,Urban,Y,5450.377671382969,-1231.6044716889933
LP001238,Male,Yes,3+,Not Graduate,Yes,Urban,Y,1808.6429583921768,-1494.8711281757014
LP001241,Female,No,0,Graduate,No,Semiurban,N,-984.0833633201528,-1696.3791941941265
LP001243,Male,Yes,0,Graduate,No,Urban,Y,-2293.400109297448,1283.4363512398445
LP001245,Male,Yes,2,Not Graduate,Yes,Semiurban,Y,-3537.849076971605,-0.8094806841866102
LP001248,Male,No,0,Graduate,No,Semiurban,Y,-1782.3815592043838,-1754.2022246335523
LP001250,Male,Yes,3+,Not Graduate,No,Semiurban,N,-530.5876891332746,-1664.020472613894
LP001253,Male,Yes,3+,Graduate,Yes,Semiurban,Y,-147.77574460460346,142.78359065314498
LP001255,Male,No,0,Graduate,No,Urban,N,-1532.8753267664106,-1736.2532443510927
LP001256,Male,No,0,Graduate,No,Urban,N,-1873.870605193412,3001.9983359532607
LP001259,Male,Yes,1,Graduate,Yes,Urban,N,-4492.930431608059,1080.4332063111833
LP001263,Male,Yes,3+,Graduate,No,Semiurban,N,-2401.359789201233,2212.199712512911
LP001264,Male,Yes,3+,Not Graduate,Yes,Semiurban,Y,-2104.3368116563643,394.43533993220944
LP001265,Female,No,0,Graduate,No,Semiurban,Y,-1437.085985051122,-1729.194554847778
LP001266,Male,Yes,1,Graduate,Yes,Semiurban,Y,-2884.1578723589632,-1833.2976959060184
LP001267,Female,Yes,2,Graduate,No,Urban,N,-4033.444620449858,-29.968957124408465
LP001273,Male,Yes,0,Graduate,No,Semiurban,N,550.6737636172302,670.8927114858197
LP001275,Male,Yes,1,Graduate,No,Urban,Y,-1295.8678946123257,-1719.303672404249
LP001279,Male,No,0,Graduate,No,Semiurban,Y,-3095.003780406603,689.0592643477034
LP001280,Male,Yes,2,Not Graduate,No,Semiurban,Y,-2092.638027698971,228.6215446478518
LP001282,Male,Yes,0,Graduate,No,Semiurban,Y,-2931.9037075610954,286.51037960259646
LP001289,Male,No,0,Graduate,No,Urban,Y,3271.315201237797,-1389.3189069869993
LP001310,Male,Yes,0,Graduate,No,Semiurban,Y,107.94905769925936,2560.2440966011272
LP001316,Male,Yes,0,Graduate,No,Semiurban,Y,-2531.123326352696,1099.5825824100666
LP001318,Male,Yes,2,Graduate,No,Semiurban,Y,554.7617979249035,4083.5947732603054
LP001319,Male,Yes,2,Not Graduate,No,Urban,Y,-2139.676224857417,44.63810631856586
LP001322,Male,No,0,Graduate,No,Semiurban,Y,-1150.7531957344709,-1708.4885087063303
LP001325,Male,No,0,Not Graduate,No,Semiurban,Y,-1663.039714350707,-1745.7627260716677
LP001326,Male,No,0,Graduate,Unknown,Urban,N,1491.35849809502,-1518.1373555398702
LP001327,Female,Yes,0,Graduate,No,Semiurban,Y,-2960.83955523857,469.1436488974496
LP001333,Male,Yes,0,Graduate,No,Semiurban,Y,-3373.345615322672,-869.5604142757602
LP001334,Male,Yes,0,Not Graduate,No,Semiurban,Y,-1095.8667777140763,-1704.326228231499
LP001343,Male,Yes,0,Graduate,No,Semiurban,Y,-3773.073690144368,1652.7693698683647
LP001345,Male,Yes,2,Not Graduate,No,Urban,Y,-1230.6059206319874,1557.462434152194
LP001349,Male,No,0,Graduate,No,Semiurban,Y,-716.0476192382239,2138.789334477724
LP001350,Male,Yes,Unknown,Graduate,No,Urban,Y,8341.380479466789,-1024.7429589967417
LP001356,Male,Yes,0,Graduate,No,Semiurban,Y,-890.6893421864334,1902.4674048343263
LP001357,Male,Unknown,Unknown,Graduate,No,Urban,Y,-1520.8468363407885,-978.9306412748272
LP001367,Male,Yes,1,Graduate,No,Urban,Y,-2303.1502743632777,-759.0188397494157
LP001369,Male,Yes,2,Graduate,No,Urban,Y,6034.005699853896,-61.33088495887887
LP001370,Male,No,0,Not Graduate,Unknown,Rural,N,2040.8550423067768,-1478.6177921799504
LP001379,Male,Yes,2,Graduate,No,Urban,N,-1741.008992292246,1858.9202114422567
LP001384,Male,Yes,3+,Not Graduate,No,Semiurban,Y,-3261.839285080361,-1104.997331110693
LP001385,Male,No,0,Graduate,No,Urban,Y,29.257103423861736,-1623.3901560630054
LP001387,Female,Yes,0,Graduate,Unknown,Semiurban,Y,-2519.2180763085707,532.0471584730153
LP001391,Male,Yes,0,Not Graduate,No,Rural,N,-2005.85863687348,2354.683153839286
LP001392,Female,No,1,Graduate,Yes,Semiurban,Y,2158.607290398124,-1470.0766608270933
LP001398,Male,No,0,Graduate,Unknown,Semiurban,Y,-236.18414595678223,-1642.6436214086627
LP001401,Male,Yes,1,Graduate,No,Rural,Y,9272.457647102849,-956.9930415272186
LP001404,Female,Yes,0,Graduate,No,Semiurban,Y,-2278.131376750114,499.3959455353661
LP001405,Male,Yes,1,Graduate,No,Urban,Y,-3165.5310929916427,-452.3036102634542
LP001421,Male,Yes,0,Graduate,No,Rural,N,126.88224006455312,531.4199898845081
LP001422,Female,No,0,Graduate,No,Urban,Y,5108.86791629094,-1256.5980012814275
LP001426,Male,Yes,Unknown,Graduate,No,Rural,Y,187.91295924601675,1062.1981965800387
LP001430,Female,No,0,Graduate,No,Semiurban,Y,-1118.435603129249,-1706.742368705251
LP001431,Female,No,0,Graduate,No,Semiurban,Y,-3787.0901172639897,7104.738656552697
LP001432,Male,Yes,2,Graduate,No,Semiurban,Y,-2323.9881347708542,-1793.3001803645727
LP001439,Male,Yes,0,Not Graduate,No,Rural,Y,-1128.44998960695,312.8144929848063
LP001443,Female,No,0,Graduate,No,Rural,Y,-1590.820411206134,-1740.401984606244
LP001448,Unknown,Yes,3+,Graduate,No,Rural,Y,18469.652686961675,-293.4177062132169
LP001449,Male,No,0,Graduate,No,Rural,Y,-1535.9244422063744,-91.9854381292098
LP001451,Male,Yes,1,Graduate,Yes,Urban,N,4936.099287516024,2590.3439535073894
LP001465,Male,Yes,0,Graduate,No,Rural,N,606.8935094224807,994.1404380829996
LP001469,Male,No,0,Graduate,Yes,Urban,Y,14844.256737146894,-552.634411021912
LP001473,Male,No,0,Graduate,No,Urban,Y,-3403.2713676597923,62.85073641842564
LP001478,Male,No,0,Graduate,No,Semiurban,Y,-2562.4465712765204,-1810.5579255400808
LP001482,Male,Yes,0,Graduate,Yes,Semiurban,Y,-1823.6182727375528,-1757.3289022282554
LP001487,Male,No,0,Graduate,No,Semiurban,Y,-390.90067177093806,-1653.9068762343547
LP001488,Male,Yes,3+,Graduate,No,Semiurban,N,-1839.3587054952327,6013.019920312422
LP001489,Female,Yes,0,Graduate,No,Rural,N,-702.2215092621091,-1676.4649633390372
LP001491,Male,Yes,2,Graduate,Yes,Urban,Y,-2217.529983079284,1723.3866189046798
LP001492,Male,No,0,Graduate,No,Semiurban,N,9687.720384405882,-926.9185063867426
LP001493,Male,Yes,2,Not Graduate,No,Rural,N,-1186.6943774466026,-277.36158354805843
LP001497,Male,Yes,2,Graduate,No,Rural,N,-393.4222682757945,434.8668370002943
LP001498,Male,No,0,Graduate,No,Urban,Y,130.23724385434252,-1615.878123534148
LP001504,Male,No,0,Graduate,Yes,Semiurban,Y,1659.361754350581,-1505.4248073961571
LP001507,Male,Yes,0,Graduate,No,Semiurban,Y,-2728.244723560989,217.09858397514063
LP001508,Male,Yes,2,Graduate,No,Urban,Y,6453.870408047195,-1159.995746360656
LP001514,Female,Yes,0,Graduate,No,Semiurban,Y,-3271.7522622695506,2636.0684474336376
LP001516,Female,Yes,2,Graduate,No,Urban,Y,9553.7542193036,-937.8504227436443
LP001518,Male,Yes,1,Graduate,No,Urban,Y,-3842.123178962455,-474.37824225241184
LP001519,Female,No,0,Graduate,No,Rural,N,4581.888045354447,375.4591908298112
LP001520,Male,Yes,0,Graduate,No,Semiurban,Y,-485.3116314275485,-828.4092453248038
LP001528,Male,No,0,Graduate,No,Rural,N,987.6039988625234,-1554.4964289855848
LP001529,Male,Yes,0,Graduate,Yes,Rural,Y,-2972.0818938879147,1920.155355020107
LP001531,Male,No,0,Graduate,No,Urban,N,3870.004417123561,-1345.942897796835
LP001532,Male,Yes,2,Not Graduate,No,Rural,N,-2997.9740804681933,-1841.607519721856
LP001535,Male,No,0,Graduate,No,Urban,Y,-2028.0024584647083,-1772.2120434494025
LP001536,Male,Yes,3+,Graduate,No,Semiurban,Y,34625.098620008124,872.2053351867303
LP001541,Male,Yes,1,Graduate,No,Rural,Y,711.6500232734224,-1574.059692863602
LP001543,Male,Yes,1,Graduate,No,Urban,Y,4240.595094712763,-1319.674979593386
LP001546,Male,No,0,Graduate,Unknown,Rural,Y,-2450.521361907968,286.21310224432136
LP001552,Male,Yes,0,Graduate,No,Semiurban,Y,-1105.3613415197487,3935.183382501956
LP001560,Male,Yes,0,Not Graduate,No,Semiurban,Y,-3489.844089081058,-833.4809303280224
LP001562,Male,Yes,0,Graduate,No,Urban,N,2640.468861003208,-1434.272903547819
LP001565,Male,Yes,1,Graduate,No,Semiurban,N,-2284.062058164154,-506.846884899011
LP001570,Male,Yes,2,Graduate,No,Rural,Y,-1220.6087231905044,-262.544569508859
LP001572,Male,Yes,0,Graduate,No,Urban,Y,4025.38593688938,-1335.750155204083
LP001574,Male,Yes,0,Graduate,No,Rural,Y,-1802.8200631195195,1419.1026812103992
LP001577,Female,Yes,0,Graduate,No,Rural,N,-702.007551586913,-1676.240759831805
LP001578,Male,Yes,0,Graduate,No,Rural,Y,-3079.913441793104,1494.1486317411436
LP001579,Male,No,0,Graduate,No,Semiurban,N,-3042.296888851301,-1845.3469288061472
LP001580,Male,Yes,2,Graduate,No,Semiurban,Y,2706.7203775528387,-1430.060195224853
LP001581,Male,Yes,0,Not Graduate,Unknown,Rural,Y,-3585.098819281079,-110.49926628474007
LP001585,Unknown,Yes,3+,Graduate,No,Urban,Y,46359.012802781726,1717.9490559782716
LP001586,Male,Yes,3+,Not Graduate,No,Rural,N,-1760.3832287149448,-1752.4436512498296
LP001594,Male,Yes,0,Graduate,No,Semiurban,Y,16.1741909908078,4015.458442159305
LP001603,Male,Yes,0,Not Graduate,Yes,Semiurban,N,-993.492544837065,-959.5367543515011
LP001606,Male,Yes,0,Graduate,No,Rural,Y,-1926.348961772202,204.63357691361625
LP001608,Male,Yes,2,Graduate,No,Rural,Y,-3349.8567023437854,-243.8947546446944
LP001610,Male,Yes,3+,Graduate,No,Semiurban,N,-581.0112671037678,9664.279726431774
LP001616,Male,Yes,1,Graduate,No,Semiurban,Y,-1532.796483945378,-1736.051120439079
LP001630,Male,No,0,Not Graduate,No,Urban,N,-3050.579392958185,-390.93538058341846
LP001633,Male,Yes,1,Graduate,No,Urban,N,589.4691883413061,5685.862692276318
LP001634,Male,No,0,Graduate,No,Rural,N,-3726.4079431077953,3181.552574852756
LP001636,Male,Yes,0,Graduate,No,Semiurban,Y,-685.2661859325826,-1675.064616868036
LP001637,Male,Yes,1,Graduate,No,Semiurban,N,28485.52308230036,427.1866318133984
LP001639,Female,Yes,0,Graduate,No,Semiurban,Y,-1657.5304084883264,-1745.095129016136
LP001640,Male,Yes,0,Graduate,Yes,Semiurban,Y,33430.044530506944,5544.456372508559
LP001641,Male,Yes,1,Graduate,Yes,Rural,N,-3101.0356453015684,-1849.2942904442668
LP001643,Male,Yes,0,Graduate,No,Rural,Y,-3050.386976441175,297.68447069767444
LP001644,Unknown,Yes,0,Graduate,Yes,Rural,Y,-4981.138119089373,3325.526749171614
LP001647,Male,Yes,0,Graduate,No,Rural,Y,4031.2363206868513,-1334.4861358897538
LP001653,Male,No,0,Not Graduate,No,Rural,Y,-401.2871279325327,-1655.057664747159
LP001656,Male,No,0,Graduate,No,Semiurban,N,6695.974690028718,-1142.990043048745
LP001657,Male,Yes,0,Not Graduate,No,Urban,N,744.5636408309747,-1571.6889859495188
LP001658,Male,No,0,Graduate,No,Semiurban,Y,-1425.3848439423705,-1728.6127339903337
LP001664,Male,No,0,Graduate,No,Rural,Y,-1092.920302112282,-1704.3378262420515
LP001665,Male,Yes,1,Graduate,No,Semiurban,N,-2341.469654056133,795.7216839729899
LP001666,Male,No,0,Graduate,No,Rural,Y,2769.1183611233646,2333.944366903018
LP001669,Female,No,0,Not Graduate,No,Urban,Y,-3540.988875021113,490.39120009828457
LP001671,Female,Yes,0,Graduate,No,Semiurban,Y,-2068.4200197326245,1048.5608220292925
LP001673,Male,No,0,Graduate,Yes,Urban,N,5697.973390810904,-1215.478235223161
LP001674,Male,Yes,1,Not Graduate,No,Semiurban,Y,-2859.738862735089,674.5825257224064
LP001677,Male,No,2,Graduate,No,Semiurban,Y,-362.4849187612954,-1651.3829031969117
LP001682,Male,Yes,3+,Not Graduate,No,Urban,N,-1291.2543808668763,-1718.3026960235834
LP001688,Male,Yes,1,Not Graduate,No,Urban,Y,-1859.866319188856,-673.6931465795183
LP001691,Male,Yes,2,Not Graduate,No,Semiurban,Y,-1366.1725006928175,-1723.9898485168258
LP001692,Female,No,0,Not Graduate,No,Semiurban,Y,-876.4883321126208,-1688.748632291868
LP001693,Female,No,0,Graduate,No,Urban,Y,-2037.747041600716,-1772.6902214405102
LP001698,Male,No,0,Not Graduate,No,Rural,Y,-1490.834527877336,804.0005975927725
LP001699,Male,No,0,Graduate,No,Urban,Y,-2800.905007782186,-1827.8156707155897
LP001702,Male,No,0,Graduate,No,Semiurban,N,-1863.843369420388,-1759.8137888375554
LP001708,Female,No,0,Graduate,No,Semiurban,N,4701.592056848144,-1286.268886557105
LP001711,Male,Yes,3+,Graduate,No,Semiurban,N,-1941.7441393048075,-512.215017792641
LP001713,Male,Yes,1,Graduate,Yes,Urban,Y,2494.583590775801,-1445.041740036591
LP001715,Male,Yes,3+,Not Graduate,Yes,Rural,Y,415.1982248891718,-1595.6362731338136
LP001716,Male,Yes,0,Graduate,No,Urban,Y,-2325.340366630689,1235.7594779108613
LP001720,Male,Yes,3+,Not Graduate,No,Semiurban,Y,-1503.8597836610547,-748.5678349179097
LP001722,Male,Yes,0,Graduate,No,Rural,N,-5252.650639954483,-199.23224183248223
LP001726,Male,Yes,0,Graduate,No,Semiurban,Y,-1683.246998557619,32.77141686989967
LP001732,Male,Yes,2,Graduate,Unknown,Semiurban,N,-286.4047642746882,-1646.603936933568
LP001734,Female,Yes,2,Graduate,No,Semiurban,Y,-1172.449150266062,679.0910419186598
LP001736,Male,Yes,0,Graduate,No,Urban,N,-3058.222011707186,-1846.34228215814
LP001743,Male,Yes,2,Graduate,No,Semiurban,Y,-1397.9295031520385,-4.938135172247485
LP001744,Male,No,0,Graduate,No,Semiurban,Y,-2510.2207438622163,991.9058500113956
LP001749,Male,Yes,0,Graduate,No,Semiurban,Y,2213.013375696558,-453.2199084269432
LP001750,Male,Yes,0,Graduate,No,Semiurban,Y,960.7510877732702,-1556.3560245790293
LP001751,Male,Yes,0,Graduate,No,Rural,N,-2031.0750264004992,-1771.538529689379
LP001754,Male,Yes,Unknown,Not Graduate,Yes,Urban,N,-550.2067593680176,-1665.1129511353297
LP001758,Male,Yes,2,Graduate,No,Semiurban,Y,839.5044654010117,134.8646744417365
LP001760,Male,Unknown,Unknown,Graduate,No,Semiurban,Y,-527.1700571863039,-1663.4785970011758
LP001761,Male,No,0,Graduate,Yes,Rural,Y,1110.908617186673,-1545.0035607561583
LP001765,Male,Yes,1,Graduate,No,Semiurban,Y,-2936.2784462864693,222.0313142663149
LP001768,Male,Yes,0,Graduate,Unknown,Rural,Y,-1567.1890652467132,-1738.8190516356606
LP001770,Male,No,0,Not Graduate,No,Rural,Y,-2279.0977749248764,814.8797994631191
LP001776,Female,No,0,Graduate,No,Semiurban,Y,3039.460007822464,-1405.4970258244157
LP001778,Male,Yes,1,Graduate,No,Semiurban,Y,-2253.968537180306,-4.259239087930155
LP001784,Male,Yes,1,Graduate,No,Rural,Y,122.43924508904364,-353.1969028404917
LP001786,Male,Yes,0,Graduate,Unknown,Urban,N,459.0408341418506,-1591.5462616707307
LP001788,Female,No,0,Graduate,Yes,Urban,Y,-1818.9993703878035,-1756.621043022565
LP001790,Female,No,1,Graduate,No,Rural,Y,-1470.9893436133602,-1731.6290940972028
LP001792,Male,Yes,1,Graduate,No,Semiurban,Y,-1966.810633205784,-1767.4614933052117
LP001798,Male,Yes,2,Graduate,No,Rural,Y,171.31016197545432,3399.5318064022777
LP001800,Male,Yes,1,Not Graduate,No,Urban,N,-2911.864201386372,153.13749197898505
LP001806,Male,No,0,Graduate,No,Urban,Y,-2725.2148434149844,3894.392536890934
LP001807,Male,Yes,2,Graduate,Yes,Rural,Y,867.1261803203579,-259.91833280511946
LP001811,Male,Yes,0,Not Graduate,No,Semiurban,Y,-2193.4318920470505,2644.732604256711
LP001813,Male,No,0,Graduate,Yes,Urban,N,449.7477305330431,2751.1394792163173
LP001814,Male,Yes,2,Graduate,No,Urban,Y,4404.590081584819,-1308.4219901316278
LP001819,Male,Yes,1,Not Graduate,No,Urban,Y,1317.9666194416895,-1530.29822796686
LP001824,Male,Yes,1,Graduate,No,Semiurban,Y,-2531.0414428781,39.64683240782915
LP001825,Male,Yes,0,Graduate,No,Urban,Y,-3603.22649030259,-12.588626050663606
LP001835,Male,Yes,0,Not Graduate,No,Semiurban,N,-3888.394247284224,1994.8791238266024
LP001836,Female,No,2,Graduate,No,Urban,N,-1854.782873467359,-1759.079152457172
LP001841,Male,No,0,Not Graduate,Yes,Rural,Y,-2852.644150912532,341.344831320052
LP001843,Male,Yes,1,Not Graduate,No,Semiurban,Y,-3128.189710405419,5269.704228879176
LP001844,Male,No,0,Graduate,Yes,Urban,N,10935.063637265044,-837.4475258677246
LP001846,Female,No,3+,Graduate,No,Rural,Y,-2196.988364517588,-1782.8551256768972
LP001849,Male,No,0,Not Graduate,No,Rural,N,756.1883695728011,-1571.1872387919705
LP001854,Male,Yes,3+,Graduate,No,Urban,N,-36.891068204035946,-1628.46787515202
LP001859,Male,Yes,0,Graduate,No,Rural,N,9222.027963193084,1145.3808290135385
LP001864,Male,Yes,3+,Not Graduate,No,Semiurban,N,-354.79623217858807,-1651.1124615388992
LP001865,Male,Yes,1,Graduate,No,Urban,Y,490.14998531256606,2672.141774286749
LP001868,Male,No,0,Graduate,No,Semiurban,Y,-3377.0657469334537,345.9030207244855
LP001870,Female,No,1,Graduate,No,Semiurban,N,-1800.6433429628833,-1754.5828146218266
LP001871,Female,No,0,Graduate,No,Rural,Y,1908.20318972634,-1488.17245943974
LP001872,Male,No,0,Graduate,Yes,Semiurban,Y,-120.4113798748076,-1634.2301547264888
LP001875,Male,No,0,Graduate,No,Rural,Y,-1436.2769426597156,1726.9928314519148
LP001877,Male,Yes,2,Graduate,No,Semiurban,Y,-676.771906456017,-283.5863792821044
LP001882,Male,Yes,3+,Graduate,No,Urban,Y,-1081.2001518247043,112.44421258064403
LP001883,Female,No,0,Graduate,Unknown,Rural,N,-1863.7822386560465,-1759.749730692632
LP001884,Female,No,1,Graduate,No,Urban,Y,-2516.873829679976,-243.1297182680937
LP001888,Female,No,0,Graduate,No,Urban,Y,-2045.110785329453,-1773.593462070481
LP001891,Male,Yes,0,Graduate,No,Urban,Y,5843.99620525808,-1204.5652679083114
LP001892,Male,No,0,Graduate,No,Rural,Y,-2580.840957624119,50.29217707345197
LP001894,Male,Yes,0,Graduate,No,Semiurban,Y,-2819.41599168245,400.2246762732948
LP001896,Male,Yes,2,Graduate,No,Semiurban,Y,-1383.3878063951602,-1725.4833688915205
LP001900,Male,Yes,1,Graduate,No,Semiurban,Y,-2662.6292234878288,29.280665762596755
LP001903,Male,Yes,0,Graduate,No,Semiurban,Y,-1525.1430501605323,1547.5663482794766
LP001904,Male,Yes,0,Graduate,No,Urban,Y,-2271.8500335250424,-486.2217683917379
LP001907,Male,Yes,0,Graduate,No,Semiurban,Y,9274.291746657464,-955.2503703917462
LP001908,Female,Yes,0,Not Graduate,No,Rural,Y,-1183.6515306009378,-1710.8432010841827
LP001910,Male,No,1,Not Graduate,Yes,Urban,N,-1404.7019768363034,705.7036243370303
LP001914,Male,Yes,0,Graduate,No,Semiurban,Y,-1413.811653670616,-925.461178385044
LP001915,Male,Yes,2,Graduate,No,Urban,Y,-3049.090599194852,-856.9637273134142
LP001917,Female,No,0,Graduate,No,Urban,Y,-3586.9826907574416,-214.20456472784053
LP001922,Male,Yes,0,Graduate,No,Rural,N,15340.012431022657,-520.6444615385103
LP001924,Male,No,0,Graduate,No,Rural,Y,-2342.9687376835145,1266.213789442048
LP001925,Female,No,0,Graduate,Yes,Semiurban,N,-2803.3431781065174,-106.207208947382
LP001926,Male,Yes,0,Graduate,No,Rural,Y,-1722.44870750767,255.4421901608476
LP001931,Female,No,0,Graduate,No,Semiurban,Y,-1159.7831263053286,-1709.191116014252
LP001935,Male,No,0,Graduate,No,Rural,Y,4210.673624205897,-1321.8301676970982
LP001936,Male,Yes,0,Graduate,No,Rural,Y,-2379.568086009766,625.318525564136
LP001938,Male,Yes,2,Graduate,No,Semiurban,N,-884.4139004071512,-1689.267299261459
LP001940,Male,Yes,2,Graduate,No,Urban,Y,-2240.2626994627044,-222.87782831340743
LP001945,Female,No,Unknown,Graduate,No,Urban,N,129.99029251987122,-1616.256408363443
LP001947,Male,Yes,0,Graduate,No,Semiurban,Y,-3135.510177148,1491.4673094281547
LP001949,Male,Yes,3+,Graduate,Unknown,Urban,Y,-958.462687287426,-441.5252985913096
LP001953,Male,Yes,1,Graduate,No,Semiurban,Y,1584.6652335453782,-1510.8797491140522
LP001954,Female,Yes,1,Graduate,No,Urban,Y,-619.0490655704361,-1670.0939055782137
LP001955,Female,No,0,Graduate,No,Rural,N,-468.5589845092345,888.2006162841121
LP001963,Male,Yes,1,Graduate,No,Urban,N,-3474.587349198927,1056.5564397116
LP001964,Male,Yes,0,Not Graduate,No,Urban,N,-3688.827112374007,1049.999064755527
LP001972,Male,Yes,Unknown,Not Graduate,No,Semiurban,Y,-2531.417895926289,-53.57868803760289
LP001974,Female,No,0,Graduate,No,Rural,Y,-285.9462846306269,-1646.1234998279
LP001977,Male,Yes,1,Graduate,No,Urban,Y,-3782.02539064434,-90.588961334882
LP001978,Male,No,0,Graduate,No,Rural,Y,-1463.0215051375585,775.5583339680707
LP001990,Male,No,0,Not Graduate,No,Urban,N,-3278.1239006993605,-1861.67433927156
LP001993,Female,No,0,Graduate,No,Rural,Y,-1640.4707764719883,-73.39690966575517
LP001994,Female,No,0,Graduate,No,Urban,N,-3013.307033389153,24.993765569120114
LP001996,Male,No,0,Graduate,No,Rural,N,14909.838244654366,-549.0042910622449
LP001998,Male,Yes,2,Not Graduate,No,Rural,Y,2374.4774347434904,-1454.1028921977872
LP002002,Female,No,0,Graduate,No,Semiurban,Y,-2363.8605047433803,-1796.149742698509
LP002004,Male,No,0,Not Graduate,No,Semiurban,Y,-2526.6037139142454,603.490848277183
LP002006,Female,No,0,Graduate,No,Rural,Y,-2773.001226012406,-1825.828183623138
LP002008,Male,Yes,2,Graduate,Yes,Rural,Y,458.3212579907404,-1592.025433583909
LP002024,Unknown,Yes,0,Graduate,No,Rural,N,-2938.63981689776,10.730798353711634
LP002031,Male,Yes,1,Not Graduate,No,Urban,Y,-2000.75064211064,-125.3316637366636
LP002035,Male,Yes,2,Graduate,No,Semiurban,Y,-1565.6795361207596,-1738.3897982807007
LP002036,Male,Yes,0,Graduate,No,Urban,Y,-3374.019393497604,270.58728581101786
LP002043,Female,No,1,Graduate,No,Semiurban,Y,-1741.27996052538,-1751.097626634068
LP002050,Male,Yes,1,Graduate,Yes,Rural,N,4701.141217461126,-1286.7413153759155
LP002051,Male,Yes,0,Graduate,No,Semiurban,Y,-3035.0810662034423,328.2862638366787
LP002053,Male,Yes,3+,Graduate,No,Semiurban,Y,-955.8744043243614,-1504.9526391869997
LP002054,Male,Yes,2,Not Graduate,No,Rural,Y,-1795.6383026459434,-160.8202410240374
LP002055,Female,No,0,Graduate,No,Rural,Y,-2329.7717921949934,1199.3107780869277
LP002065,Male,Yes,3+,Graduate,No,Rural,Y,9689.160963709088,-926.3822442138484
LP002067,Male,Yes,1,Graduate,Yes,Rural,N,3014.0362258315245,3589.1535068854173
LP002068,Male,No,0,Graduate,No,Rural,Y,-368.7443013022057,-1652.1022024698093
LP002082,Male,Yes,0,Graduate,Yes,Semiurban,Y,375.0023709241468,567.4048492913921
LP002086,Female,Yes,0,Graduate,No,Urban,N,-1127.5992444571991,750.3689392452911
LP002087,Female,No,0,Graduate,No,Urban,Y,-2779.8988476630384,-1826.242980898068
LP002097,Male,No,1,Graduate,No,Urban,Y,-1029.3680021023647,97.8108277171541
LP002098,Male,No,0,Graduate,No,Semiurban,Y,-2345.800643601663,-1794.7445280826655
LP002100,Male,No,Unknown,Graduate,No,Urban,Y,-2447.73995965466,-1802.288363874403
LP002101,Male,Yes,0,Graduate,Unknown,Urban,Y,57901.16736055092,2547.91720219378
LP002103,Unknown,Yes,1,Graduate,Yes,Urban,Y,4403.072925914864,529.9477706094399
LP002106,Male,Yes,Unknown,Graduate,Yes,Semiurban,Y,-107.5749117613459,2867.764822966018
LP002110,Male,Yes,1,Graduate,Unknown,Rural,Y,-85.8550404850921,-941.7399247258488
LP002112,Male,Yes,2,Graduate,Yes,Rural,Y,-3109.813302916934,2762.591388885441
LP002113,Female,No,3+,Not Graduate,No,Urban,N,-3447.678899149764,-1873.8870728780028
LP002114,Female,No,0,Graduate,No,Semiurban,Y,-1124.2135809009696,-1706.9572100868768
LP002115,Male,Yes,3+,Not Graduate,No,Rural,N,-2746.5814994135976,-231.9870445118136
LP002116,Female,No,0,Graduate,No,Rural,N,-2901.739962647356,-1835.175565150254
LP002119,Male,Yes,1,Not Graduate,No,Urban,Y,-818.9472047610388,-452.17212642920185
LP002126,Male,Yes,3+,Not Graduate,No,Semiurban,Y,-2108.6070365402206,-1777.8388768946545
LP002128,Male,Yes,2,Graduate,Unknown,Rural,Y,-2864.2036435241007,504.0864050683245
LP002129,Male,Yes,0,Graduate,No,Semiurban,Y,-2956.9197187027016,625.9971505723065
LP002130,Male,Yes,Unknown,Not Graduate,No,Rural,N,-1991.1693572660945,1469.476484017262
LP002131,Male,Yes,2,Not Graduate,No,Urban,Y,-2353.856767796582,378.4381758987674
LP002137,Male,Yes,0,Graduate,No,Semiurban,Y,715.0098043973967,3021.6616820120207
LP002138,Male,Yes,0,Graduate,No,Rural,Y,-3103.694095025354,4417.341289478199
LP002139,Male,Yes,0,Graduate,No,Semiurban,Y,3787.099420525884,-1352.0337011736185
LP002140,Male,No,0,Graduate,No,Rural,N,3155.968436605589,2780.779051821816
LP002141,Male,Yes,3+,Graduate,No,Rural,Y,-2763.890453518396,263.45528505591665
LP002142,Female,Yes,0,Graduate,Yes,Rural,N,212.53857524264825,-1610.4198953572256
LP002143,Female,Yes,0,Graduate,No,Semiurban,Y,-2892.5261920720386,-1327.591781893151
LP002144,Female,No,Unknown,Graduate,No,Urban,Y,-1469.877517704354,-1731.2580722597831
LP002149,Male,Yes,2,Graduate,No,Rural,Y,2810.868884564517,1752.293946196467
LP002151,Male,Yes,1,Graduate,No,Urban,N,-1408.498116098364,-1727.4635261446022
LP002158,Male,Yes,0,Not Graduate,No,Urban,N,-2400.7994921362724,-128.59704501048873
LP002160,Male,Yes,3+,Graduate,No,Semiurban,Y,-346.5761891660404,1525.1300160354367
LP002161,Female,No,1,Graduate,No,Semiurban,N,-562.6109042666976,-1666.4314406593944
LP002170,Male,Yes,2,Graduate,No,Semiurban,Y,-548.8147534232057,2012.112539731885
LP002175,Male,Yes,0,Graduate,No,Urban,Y,-703.0535886517109,662.7950109552935
LP002178,Male,Yes,0,Graduate,No,Urban,Y,-2486.0773389929004,1235.9864825704349
LP002180,Male,No,0,Graduate,Yes,Rural,Y,1531.353129596229,-1515.159676916087
LP002181,Male,No,0,Not Graduate,No,Rural,N,926.8782945932026,-1558.7585347559923
LP002187,Male,No,0,Graduate,No,Semiurban,N,-2779.7331674267043,-1826.188872230388
LP002188,Male,No,0,Graduate,No,Rural,N,-162.33200287808995,-1637.2794481628894
LP002190,Male,Yes,1,Graduate,No,Semiurban,Y,1035.9139072809403,-1550.591712718324
LP002191,Male,Yes,0,Graduate,No,Rural,N,14030.208815792344,4667.799665882568
LP002194,Female,No,0,Graduate,Yes,Semiurban,Y,10444.302037874826,-873.8177658782163
LP002197,Male,Yes,2,Graduate,No,Semiurban,Y,-101.25479889080724,-1632.649006021688
LP002201,Male,Yes,2,Graduate,Yes,Rural,Y,3461.5793284127167,6518.9099377507255
LP002205,Male,No,1,Graduate,No,Urban,N,-2361.81834839395,196.5502730997692
LP002209,Female,No,0,Graduate,Unknown,Urban,Y,-2621.16576435264,-351.75128660894416
LP002211,Male,Yes,0,Graduate,No,Urban,Y,-534.8402498772748,-738.514616949712
LP002219,Male,Yes,3+,Graduate,No,Rural,Y,3095.001850353322,3606.184225009519
LP002223,Male,Yes,0,Graduate,No,Semiurban,Y,-974.1553889796214,-1695.7088407495062
LP002224,Male,No,0,Graduate,No,Urban,N,-2212.413643785054,-1785.512319566203
LP002225,Male,Yes,2,Graduate,No,Urban,Y,104.01493161776943,-1618.050229412418
LP002226,Male,Yes,0,Graduate,Unknown,Semiurban,Y,-2128.3672288867165,727.5452312448219
LP002229,Male,No,0,Graduate,No,Semiurban,Y,349.5561146391219,2643.7154103503435
LP002231,Female,No,0,Graduate,No,Urban,Y,711.6194578912518,-1574.0917219360638
LP002234,Male,No,0,Graduate,Yes,Urban,Y,1875.3507029331288,-1490.4791082089
LP002236,Male,Yes,2,Graduate,No,Urban,N,-719.0547476873162,-1677.5581203079605
LP002237,Male,No,1,Graduate,Unknown,Urban,Y,-1615.5182648743948,-1741.7706761688612
LP002239,Male,No,0,Not Graduate,No,Semiurban,Y,-3048.0416028051536,-240.9730847737608
LP002243,Male,Yes,0,Not Graduate,No,Urban,N,-2496.2511447873267,1338.6765955545516
LP002244,Male,Yes,0,Graduate,No,Urban,Y,-3119.720615516621,572.98690094629
LP002250,Male,Yes,0,Graduate,No,Rural,Y,200.7228128622546,-1611.12182421766
LP002255,Male,No,3+,Graduate,No,Rural,Y,3870.550960086771,-1346.3434870121885
LP002262,Male,Yes,3+,Graduate,No,Rural,Y,4207.356533212737,-1321.4128865167684
LP002263,Male,Yes,0,Graduate,No,Urban,Y,-2848.783006162166,289.60903412444986
LP002265,Male,Yes,2,Not Graduate,No,Semiurban,Y,-3401.976419835069,-241.28287593571625
LP002266,Male,Yes,2,Graduate,No,Urban,Y,-2281.780176214516,-386.43475218997537
LP002272,Male,Yes,2,Graduate,No,Semiurban,Y,-2040.210906990356,-1287.2176057882048
LP002277,Female,No,0,Graduate,No,Urban,N,-2101.6482830367454,-1777.3600224935433
LP002281,Male,Yes,0,Graduate,No,Urban,Y,-2352.984532324219,-332.54654230072515
LP002284,Male,No,0,Not Graduate,No,Rural,Y,-1501.0359224240592,-63.54755415276691
LP002287,Female,No,0,Graduate,No,Semiurban,N,-3906.428989114395,-102.505010763879
LP002288,Male,Yes,2,Not Graduate,No,Urban,N,-2392.001343760846,-1798.2063829090498
LP002296,Male,No,0,Not Graduate,No,Rural,N,-2525.5536716535635,-1807.8508454989133
LP002297,Male,No,0,Graduate,No,Semiurban,Y,-4217.655767562851,18121.704313619
LP002300,Female,No,0,Not Graduate,No,Semiurban,Y,-3315.6001485735305,-1864.9329497081285
LP002301,Female,No,0,Graduate,Yes,Rural,N,2149.137795701653,-1470.2665771660454
LP002305,Female,No,0,Graduate,No,Semiurban,Y,-737.8903921585234,-1678.8029637519132
LP002308,Male,Yes,0,Not Graduate,No,Urban,Y,-3284.224226703919,543.9378639640581
LP002314,Female,No,0,Not Graduate,No,Rural,Y,-3066.155223524262,-1846.8689543583607
LP002315,Male,Yes,1,Graduate,No,Semiurban,N,3005.596258516148,-1408.8036130221822
LP002317,Male,Yes,3+,Graduate,No,Rural,N,75516.85456063451,3815.512019020685
LP002318,Female,No,1,Not Graduate,Yes,Semiurban,N,-1416.5153816279085,-1728.078279312836
LP002319,Male,Yes,0,Graduate,Unknown,Urban,Y,966.979904932009,-1555.6687543785931
LP002328,Male,Yes,0,Not Graduate,No,Rural,N,807.8419280253711,-1566.698670399771
LP002332,Male,Yes,0,Not Graduate,No,Rural,Y,-3172.099663958924,184.03649026771745
LP002335,Female,Yes,0,Not Graduate,No,Semiurban,N,-3361.877342699348,1377.9587384997576
LP002337,Female,No,0,Graduate,No,Urban,Y,-2286.2480737185547,-1790.7384280636284
LP002341,Female,No,1,Graduate,No,Urban,N,-2679.4499675046814,-1818.314344617626
LP002342,Male,Yes,2,Graduate,Yes,Urban,N,-5114.260659775012,18058.13765897133
LP002345,Male,Yes,0,Graduate,No,Rural,Y,-4450.077091657427,833.8968559746731
LP002347,Male,Yes,0,Graduate,No,Semiurban,Y,-2137.1936466496245,-358.7904782044227
LP002348,Male,Yes,0,Graduate,No,Rural,Y,540.9295317823489,-1586.5204249532997
LP002357,Female,No,0,Not Graduate,No,Urban,N,-2560.375392032134,-1810.3341746707547
LP002361,Male,Yes,0,Graduate,No,Urban,Y,-3581.4655325325166,-160.32837752632508
LP002362,Male,Yes,1,Graduate,No,Urban,N,1838.135926975772,177.97682742250618
LP002364,Male,Yes,0,Graduate,No,Semiurban,Y,9567.916247190917,-936.6364793242444
LP002366,Male,Yes,0,Graduate,No,Rural,Y,-2923.0976266587027,2474.861477819992
LP002367,Female,No,1,Not Graduate,No,Rural,N,-679.3046392434735,-1674.836674263871
LP002368,Male,Yes,2,Graduate,No,Semiurban,Y,646.6138541788941,-1578.945463327428
LP002369,Male,Yes,0,Graduate,No,Rural,Y,-2362.004487515185,-1779.8323880655007
LP002370,Male,No,0,Not Graduate,No,Urban,Y,-2563.4364889055696,-1810.442684663192
LP002377,Female,No,1,Graduate,Yes,Semiurban,Y,3328.704896818507,-1385.6326460734151
LP002379,Male,No,0,Graduate,No,Rural,N,1209.9209254715024,-1538.58029190016
LP002386,Male,No,0,Graduate,Unknown,Semiurban,Y,7571.523193104987,-1078.128798804536
LP002387,Male,Yes,0,Graduate,No,Semiurban,Y,-3022.3715266446607,502.85370806461833
LP002390,Male,No,0,Graduate,No,Urban,Y,-1532.918745474061,-1736.1792367289263
LP002393,Female,Unknown,Unknown,Graduate,No,Semiurban,Y,4747.867790376634,-1283.4029481448829
LP002398,Male,No,0,Graduate,No,Semiurban,Y,-3485.6160819404336,-21.45919334873929
LP002401,Male,Yes,0,Graduate,No,Urban,Y,-3146.570760569703,-724.3166831365538
LP002403,Male,No,0,Graduate,Yes,Urban,N,5116.296799302197,-1256.5998087768244
LP002407,Female,Yes,0,Not Graduate,Yes,Rural,Y,1850.4925576328344,-1492.1950256141722
LP002408,Male,No,0,Graduate,No,Semiurban,Y,-1986.1280644439669,3308.799098407373
LP002409,Male,Yes,0,Graduate,No,Rural,Y,2476.031064405028,390.8704890326576
LP002418,Male,No,3+,Not Graduate,No,Semiurban,Y,-721.3569413500145,320.73983527401424
LP002422,Male,No,1,Graduate,No,Semiurban,Y,32347.559659418097,704.5566310461477
LP002424,Male,Yes,0,Graduate,No,Rural,Y,1442.1472394292368,6833.103794663392
LP002429,Male,Yes,1,Graduate,Yes,Rural,Y,-1902.947029077306,-549.5080945789432
LP002434,Male,Yes,2,Not Graduate,No,Rural,Y,-633.2034521122077,-1671.2998417294984
LP002435,Male,Yes,0,Graduate,Unknown,Rural,N,-1842.6468840955183,-379.29877866245647
LP002443,Male,Yes,2,Graduate,No,Rural,N,-2064.415177415269,-59.7082644493446
LP002444,Male,No,1,Not Graduate,Yes,Semiurban,N,-2621.535377792688,-267.968722156035
LP002446,Male,Yes,2,Not Graduate,No,Rural,N,-3060.1921859500653,-587.7843203141417
LP002447,Male,Yes,2,Not Graduate,No,Urban,Y,-3425.194341720779,-412.9574682022069
LP002448,Male,Yes,0,Graduate,No,Rural,N,-1459.668086631259,6.902015072230597
LP002449,Male,Yes,0,Graduate,No,Rural,Y,-2973.90406403258,632.5334239048184
LP002453,Male,No,0,Graduate,Yes,Semiurban,Y,1793.2291310104838,-1496.7222754894583
LP002455,Male,Yes,2,Graduate,No,Semiurban,Y,-1424.2346346812874,-1728.3807490245676
LP002459,Male,Yes,0,Graduate,No,Urban,Y,-983.2235262781942,-1696.451484398005
LP002467,Male,Yes,0,Graduate,No,Urban,N,-1758.9661974302458,823.6648332698005
LP002472,Male,No,2,Graduate,No,Rural,Y,-930.224717496296,-1692.4998545887029
LP002473,Male,Yes,0,Graduate,No,Semiurban,N,3039.540428707568,-1406.3860583948103
LP002478,Unknown,Yes,0,Graduate,Yes,Semiurban,Y,-3488.670877075477,2216.85917195444
LP002484,Male,Yes,3+,Graduate,No,Urban,Y,2446.934667790869,-1449.0478622665005
LP002487,Male,Yes,0,Graduate,No,Rural,Y,-2422.910483290831,393.7169381356685
LP002489,Female,No,1,Not Graduate,Unknown,Semiurban,Y,-95.4462557369161,-1632.4021355676005
LP002493,Male,No,0,Graduate,No,Semiurban,N,-1118.0229693814415,-1706.3099772457597
LP002494,Male,No,0,Graduate,No,Rural,Y,711.4971963625685,-1574.2198382259107
LP002500,Male,Yes,3+,Not Graduate,No,Urban,N,-2453.6063969028387,-134.19427267129413
LP002501,Unknown,Yes,0,Graduate,No,Semiurban,Y,11375.280044643194,-806.3510161064248
LP002502,Female,Yes,2,Not Graduate,Unknown,Semiurban,Y,-5273.404516391584,918.8586224401756
LP002505,Male,Yes,0,Graduate,No,Urban,N,-1127.5992444571991,750.3689392452911
LP002515,Male,Yes,1,Graduate,Yes,Semiurban,Y,-1981.1431143859447,316.3244893234173
LP002517,Male,Yes,1,Not Graduate,No,Rural,N,-2734.7163675434026,-318.5416076282004
LP002519,Male,Yes,3+,Graduate,No,Semiurban,Y,-594.3819539087099,-1668.5781698758271
LP002522,Female,No,0,Graduate,Yes,Urban,Y,-2779.700172678928,-1826.0347919270664
LP002524,Male,No,2,Graduate,No,Rural,Y,-89.30827268065968,3028.171346492525
LP002527,Male,Yes,2,Graduate,Yes,Rural,Y,11136.11462315388,193.3183738071129
LP002529,Male,Yes,2,Graduate,No,Semiurban,Y,1284.552721284119,222.29775475393672
LP002530,Unknown,Yes,2,Graduate,No,Semiurban,N,-2541.9783384594616,68.1745480763334
LP002531,Male,Yes,1,Graduate,Yes,Semiurban,Y,11188.383492656269,1435.77246056968
LP002533,Male,Yes,2,Graduate,No,Urban,N,-2448.8610805010344,-194.8373633135964
LP002534,Female,No,0,Not Graduate,No,Rural,Y,-934.0767026774428,-1692.6430821764534
LP002536,Male,Yes,3+,Not Graduate,No,Rural,Y,-2186.104847381906,-1783.1300825078038
LP002537,Male,Yes,0,Graduate,No,Semiurban,Y,-3421.8312069438134,1286.044645491599
LP002541,Male,Yes,0,Graduate,No,Semiurban,Y,5532.564381499634,-1226.2663515150605
LP002543,Male,Yes,2,Graduate,No,Semiurban,Y,3039.200202074012,-1405.7692729403402
LP002544,Male,Yes,1,Not Graduate,No,Rural,Y,-3495.143333988077,564.9572893905352
LP002545,Male,No,2,Graduate,No,Rural,N,-1735.5401883928716,-1750.9228226117611
LP002547,Male,Yes,1,Graduate,No,Urban,N,13014.964606130396,-685.3393922683615
LP002555,Male,Yes,2,Graduate,Yes,Semiurban,Y,-851.4118006694071,401.6922773106153
LP002556,Male,No,0,Graduate,No,Urban,N,-2844.667569663572,-1830.8484969778533
LP002560,Male,No,0,Not Graduate,No,Semiurban,Y,-2781.4441181080124,965.9968312916732
LP002562,Male,Yes,1,Not Graduate,No,Urban,Y,-34.726039416702406,-493.7284010899537
LP002571,Male,No,0,Not Graduate,No,Rural,Y,-1591.687890682137,-1740.3377006517387
LP002582,Female,No,0,Not Graduate,Yes,Semiurban,Y,11945.664121361278,-764.4097666991656
LP002585,Male,Yes,0,Graduate,No,Rural,N,-1840.4648105046624,404.336467712074
LP002586,Female,Yes,1,Graduate,No,Semiurban,Y,-2021.288203219944,-855.5789225562273
LP002587,Male,Yes,0,Not Graduate,No,Rural,Y,-2802.0876795272893,-123.1877120342274
LP002588,Male,Yes,0,Graduate,No,Urban,Y,-865.3858421393479,1176.8080852022626
LP002600,Male,Yes,1,Graduate,Yes,Semiurban,Y,-2385.718861647445,-1797.6421340252948
LP002602,Male,No,0,Graduate,No,Rural,N,676.766187966954,2851.106384490232
LP002603,Female,No,0,Graduate,No,Rural,Y,-4894.561118562693,1714.0461978167891
LP002606,Female,No,0,Graduate,No,Semiurban,Y,-2122.3717144593143,-1778.6364423720522
LP002615,Male,Yes,2,Graduate,No,Semiurban,Y,-824.3867603953022,3954.0684261237793
LP002618,Male,Yes,1,Not Graduate,No,Rural,N,-1614.635954685545,3573.801330109065
LP002619,Male,Yes,0,Not Graduate,No,Semiurban,Y,-1575.5049967925502,-252.1813593321374
LP002622,Male,Yes,2,Graduate,No,Rural,Y,-2088.715264557708,2652.1674122384547
LP002624,Male,Yes,0,Graduate,No,Urban,Y,15028.899684811757,6143.65160961751
LP002625,Unknown,No,0,Graduate,No,Urban,N,-1699.512163344451,-1748.208479578718
LP002626,Male,Yes,0,Graduate,Yes,Urban,Y,-3016.5587962635004,1178.3321001723984
LP002634,Female,No,1,Graduate,No,Urban,Y,7953.723689170235,-1053.3213647322414
LP002637,Male,No,0,Not Graduate,No,Rural,N,-1777.0582224454845,-463.4669976895439
LP002640,Male,Yes,1,Graduate,No,Semiurban,Y,633.0767899015391,430.0859705845592
LP002643,Male,Yes,2,Graduate,No,Urban,Y,-2144.649275293415,260.33032392016867
LP002648,Male,Yes,0,Graduate,No,Semiurban,N,-3628.119583413985,4796.0222964425375
LP002652,Male,No,0,Graduate,No,Rural,N,264.69686452943006,2070.264978706408
LP002659,Male,Yes,3+,Graduate,No,Rural,Y,-2062.2719518912854,1662.8474375280823
LP002670,Female,Yes,2,Graduate,No,Semiurban,Y,-3364.7189986903013,-232.01654561201303
LP002682,Male,Yes,Unknown,Not Graduate,No,Semiurban,N,-2336.3963429433247,10.730670439851338
LP002683,Male,No,0,Graduate,No,Semiurban,N,-739.4030631379028,241.5160834831422
LP002684,Female,No,0,Not Graduate,No,Rural,N,-1882.040774781874,-1761.3631342794763
LP002689,Male,Yes,2,Not Graduate,No,Semiurban,Y,-3212.513309061823,-111.10463689885069
LP002690,Male,No,0,Graduate,No,Semiurban,Y,-2779.9905438095507,-1826.339068115453
LP002692,Male,Yes,3+,Graduate,Yes,Rural,Y,286.6491644231792,-177.47099772717934
LP002693,Male,Yes,2,Graduate,Yes,Rural,Y,2141.7492035049063,5715.692411943195
LP002697,Male,No,0,Graduate,No,Semiurban,N,-755.1978421562417,412.3940180728296
LP002699,Male,Yes,2,Graduate,Yes,Rural,Y,12183.380973835494,-745.9825087596405
LP002705,Male,Yes,0,Graduate,No,Semiurban,Y,-1507.907773262913,-1734.3031739613452
LP002706,Male,Yes,1,Not Graduate,No,Semiurban,Y,-104.29000330242708,-199.1593822361901
LP002714,Male,No,1,Not Graduate,No,Semiurban,Y,-2694.7769743853123,-514.5748926006313
LP002716,Male,No,0,Not Graduate,No,Semiurban,Y,1492.3711631363349,-1518.0495014001824
LP002717,Male,Yes,0,Graduate,No,Rural,Y,-4645.358056058057,3554.592920989808
LP002720,Male,Yes,3+,Graduate,No,Urban,Y,-1003.3087175025394,-1698.0324072932242
LP002723,Male,No,2,Graduate,No,Rural,N,-1694.4182716672076,-1747.7371808265584
LP002729,Male,No,1,Graduate,No,Semiurban,N,5948.182450414443,-1196.6135130618504
LP002731,Female,No,0,Not Graduate,Yes,Urban,Y,12844.538866713436,-700.4111711924354
LP002732,Male,No,0,Not Graduate,Unknown,Rural,Y,-2876.401958816024,214.47741534910256
LP002734,Male,Yes,0,Graduate,No,Urban,Y,564.7074052941889,2332.5859754856347
LP002738,Male,No,2,Graduate,No,Semiurban,Y,-1665.5171086357,-1745.677853111908
LP002739,Male,Yes,0,Not Graduate,No,Rural,N,-2402.5373067866435,-1261.6966114438071
LP002740,Male,Yes,3+,Graduate,No,Rural,Y,1127.619417458833,-1543.859446864851
LP002741,Female,Yes,1,Graduate,No,Semiurban,Y,-881.3352101656628,1163.6010843483868
LP002743,Female,No,0,Graduate,No,Semiurban,N,-3140.706734300016,-1851.992685788574
LP002753,Female,No,1,Graduate,Unknown,Semiurban,Y,-1630.700422524203,-1743.259554208296
LP002755,Male,Yes,1,Not Graduate,No,Urban,Y,-3221.2291584470904,672.8898959022299
LP002757,Female,Yes,0,Not Graduate,No,Semiurban,Y,-2311.6554865771755,-1127.5567545872532
LP002767,Male,Yes,0,Graduate,No,Rural,Y,-2652.1360602070345,138.61142812691196
LP002768,Male,No,0,Not Graduate,No,Semiurban,N,-1923.8944729567352,-1764.0196309557032
LP002772,Male,No,0,Graduate,No,Rural,Y,-2881.57143514821,-45.41678151527435
LP002776,Female,No,0,Graduate,No,Semiurban,N,-286.1678825628642,-1646.3557116219897
LP002777,Male,Yes,0,Graduate,No,Rural,Y,-2640.269926430085,205.29964912894133
LP002778,Male,Yes,2,Graduate,Yes,Rural,N,1342.748528999423,-1528.841457473715
LP002784,Male,Yes,1,Not Graduate,No,Rural,Y,-2958.178085377062,542.4552557820239
LP002785,Male,Yes,1,Graduate,No,Urban,Y,-2182.0641888331606,1475.822663020719
LP002788,Male,Yes,0,Not Graduate,No,Urban,N,-2992.653755065981,498.25965107301545
LP002789,Male,Yes,0,Graduate,No,Rural,N,-1995.9115995163,2507.9010019608504
LP002792,Male,Yes,1,Graduate,No,Semiurban,Y,105.81622101863924,-584.0521297344001
LP002794,Female,No,0,Graduate,No,Urban,Y,-2730.046192978166,-193.3623471425024
LP002795,Male,Yes,3+,Graduate,Yes,Semiurban,Y,4840.579705424921,-1275.914847343263
LP002798,Male,Yes,0,Graduate,No,Semiurban,Y,-1587.708971581947,936.17433750367
LP002804,Female,Yes,0,Graduate,No,Semiurban,Y,-1269.2228351026788,595.3334752324008
LP002807,Male,Yes,2,Not Graduate,No,Semiurban,Y,-1625.0614782777898,-1500.1364745456174
LP002813,Female,Yes,1,Graduate,Yes,Semiurban,Y,14163.71582579808,-601.8512818777353
LP002820,Male,Yes,0,Graduate,No,Rural,Y,487.5554036720269,469.4416110193165
LP002821,Male,No,0,Not Graduate,Yes,Semiurban,Y,511.9595955524565,-1588.6518170622471
LP002832,Male,Yes,2,Graduate,No,Urban,N,3504.072074515673,-1372.1959315307042
LP002833,Male,Yes,0,Not Graduate,No,Rural,Y,-817.642773449119,-1684.5100956879014
LP002836,Male,No,0,Graduate,No,Urban,Y,-1949.0564258857748,-1766.3765694139856
LP002837,Male,Yes,3+,Graduate,No,Rural,N,-2061.580817060595,732.3184473171264
LP002840,Female,No,0,Graduate,No,Urban,N,-2902.022692432436,-1835.471834070525
LP002841,Male,Yes,0,Graduate,No,Urban,N,-2263.764374797661,280.4968750975254
LP002842,Male,Yes,1,Graduate,No,Urban,Y,-1990.2177131132903,-13.993034246523166
LP002847,Male,Yes,Unknown,Graduate,No,Urban,N,-274.32698871768844,-190.3232041634644
LP002855,Male,Yes,2,Graduate,No,Urban,Y,11350.60892555179,-806.8976465572625
LP002862,Male,Yes,2,Not Graduate,No,Semiurban,N,719.6331139197055,55.705648120253954
LP002863,Male,Yes,3+,Graduate,No,Semiurban,N,1116.510844010911,-1544.9728865411876
LP002868,Male,Yes,2,Graduate,No,Urban,Y,-2155.328608283065,-1318.369208671958
LP002872,Unknown,Yes,0,Graduate,No,Semiurban,N,-2352.810691069252,420.69568994402425
LP002874,Male,No,0,Graduate,No,Urban,Y,-2249.4170200299413,958.3043071019453
LP002877,Male,Yes,1,Graduate,No,Rural,Y,-3656.198093436319,348.6552226120989
LP002888,Male,No,0,Graduate,Unknown,Urban,Y,-2308.70276674224,1132.8703818058475
LP002892,Male,Yes,2,Graduate,No,Semiurban,Y,1250.5803529464256,-1534.905979931592
LP002893,Male,No,0,Graduate,No,Urban,N,-5874.919430576445,31874.686624325583
LP002894,Female,Yes,0,Graduate,No,Semiurban,Y,-2115.8790841224454,-1778.6460303072404
LP002898,Male,Yes,1,Graduate,No,Rural,N,-3398.3217528781843,-1870.8315786501407
LP002911,Male,Yes,1,Graduate,No,Rural,N,-2630.881813760309,106.99067675658809
LP002912,Male,Yes,1,Graduate,No,Rural,N,-1216.339963969781,1295.2462849953708
LP002916,Male,Yes,0,Graduate,No,Urban,Y,-3091.51897080904,-322.51329907856234
LP002917,Female,No,0,Not Graduate,No,Semiurban,Y,-3113.9990109530763,-1850.2852262518384
LP002925,Unknown,No,0,Graduate,No,Semiurban,Y,-535.582243318463,-1664.3876768805528
LP002926,Male,Yes,2,Graduate,Yes,Semiurban,N,-2554.1924229466504,-1809.694948079011
LP002928,Male,Yes,0,Graduate,No,Semiurban,Y,-2526.823716197335,1616.916056856021
LP002931,Male,Yes,2,Graduate,Yes,Semiurban,N,712.0498026072482,-1573.5212636907404
LP002933,Unknown,No,3+,Graduate,Yes,Semiurban,Y,4060.871230603324,-1331.8371846669947
LP002936,Male,Yes,0,Graduate,No,Rural,Y,-1661.0745359857087,1563.618478892951
LP002938,Male,Yes,0,Graduate,Yes,Urban,Y,10805.923542143695,-846.2421790665519
LP002940,Male,No,0,Not Graduate,No,Rural,Y,-1450.05959694964,-1730.1364769608354
LP002941,Male,Yes,2,Not Graduate,Yes,Rural,N,1021.95217932376,-548.945976857184
LP002943,Male,No,Unknown,Graduate,No,Semiurban,N,-2294.0131737566885,-1791.0889424027946
LP002945,Male,Yes,0,Graduate,Yes,Rural,Y,4664.429104141224,-1289.1991990009412
LP002948,Male,Yes,2,Graduate,No,Urban,Y,492.4704292804408,-1589.6081730444623
LP002949,Female,No,3+,Graduate,Unknown,Urban,N,-7852.121271148562,39584.53194165467
LP002950,Male,Yes,0,Not Graduate,Unknown,Rural,Y,-2587.007031629285,987.4596634461144
LP002953,Male,Yes,3+,Graduate,No,Urban,Y,415.1829421980865,-1595.6522876700444
LP002958,Male,No,0,Graduate,No,Rural,Y,-1915.4236459052995,2548.825230937159
LP002959,Female,Yes,1,Graduate,No,Semiurban,Y,6698.511616748897,-1140.331630034421
LP002960,Male,Yes,0,Not Graduate,No,Urban,N,-3152.313164015689,1957.383871517099
LP002961,Male,Yes,1,Graduate,No,Semiurban,Y,-2061.1987508719617,732.7188117416399
LP002964,Male,Yes,2,Not Graduate,No,Rural,Y,-1397.5567299622298,-311.3894916584032
LP002974,Male,Yes,0,Graduate,No,Rural,Y,-2189.709792941353,171.56866252956524
LP002978,Female,No,0,Graduate,No,Rural,Y,-2380.915342189326,-1797.47511044278
LP002979,Male,Yes,3+,Graduate,No,Rural,Y,-1178.225231348545,-1710.8176208236357
LP002983,Male,Yes,1,Graduate,No,Urban,Y,2761.680513983008,-1185.0914501714474
LP002984,Male,Yes,2,Graduate,No,Urban,Y,2290.712600015351,-1460.12140435195
LP002990,Female,No,0,Graduate,Yes,Semiurban,N,-701.847082242015,-1676.0726082201231
